"tau_mean","tau_stdev","tau_median","tau_errlo","tau_errup","alpha_mean","alpha_stdev","alpha_median","alpha_errlo","alpha_errup","beta_mean","beta_stdev","beta_median","beta_errlo","beta_errup","logZsun_mean","logZsun_stdev","logZsun_median","logZsun_errlo","logZsun_errup"
1.299635895711089084e+01,3.552433389605328274e-03,1.299741997850468245e+01,1.299325277485638352e+01,1.299935450279979499e+01,5.143862714251616808e+01,8.909647269498968125e-01,5.147157013531220571e+01,5.057810813868999844e+01,5.234385691832308396e+01,2.430592305000207620e+00,1.929574280157796140e-01,2.416062968044456305e+00,2.242629989090741738e+00,2.626781377478414559e+00,1.977481296134935285e-01,1.548783279779373558e-02,1.973041362735834525e-01,1.826529715258971009e-01,2.134918072314944126e-01
