"tau_mean","tau_stdev","tau_median","tau_errlo","tau_errup","alpha_mean","alpha_stdev","alpha_median","alpha_errlo","alpha_errup","beta_mean","beta_stdev","beta_median","beta_errlo","beta_errup","logZsun_mean","logZsun_stdev","logZsun_median","logZsun_errlo","logZsun_errup"
1.278135308823596183e+01,3.272301067559774818e-02,1.278477589532555925e+01,1.275031910831092574e+01,1.281358445678225166e+01,3.447249319741863474e+02,2.359969039892984597e+02,2.513965719572697992e+02,1.407100531799373471e+02,6.173634116171698452e+02,1.078971869138594109e-01,7.869022248696811231e-03,1.056288871441725535e-01,1.012807258009907618e-01,1.143590018517684354e-01,1.805779737903207838e-01,6.930231088589922095e-03,1.805673228267368202e-01,1.737449728579002206e-01,1.874574934541226590e-01
