"tau_mean","tau_stdev","tau_median","tau_errlo","tau_errup","alpha_mean","alpha_stdev","alpha_median","alpha_errlo","alpha_errup","beta_mean","beta_stdev","beta_median","beta_errlo","beta_errup","logZsun_mean","logZsun_stdev","logZsun_median","logZsun_errlo","logZsun_errup"
1.299646477068244366e+01,3.509396190648563039e-03,1.299755692533406837e+01,1.299367994211182520e+01,1.299924940565764153e+01,5.142635894363899496e+01,8.648615704780233671e-01,5.143469696978354477e+01,5.060076961134100060e+01,5.223676075490428872e+01,2.427386439029248777e+00,1.899895739558034036e-01,2.422241825052137365e+00,2.240743183986254827e+00,2.618817875720654609e+00,1.975486479982824506e-01,1.541861110970187826e-02,1.980132756448091946e-01,1.816803900486152479e-01,2.124579364404084458e-01
