"tau_mean","tau_stdev","tau_median","tau_errlo","tau_errup","alpha_mean","alpha_stdev","alpha_median","alpha_errlo","alpha_errup","beta_mean","beta_stdev","beta_median","beta_errlo","beta_errup","logZsun_mean","logZsun_stdev","logZsun_median","logZsun_errlo","logZsun_errup"
1.299633242167275426e+01,3.531978787551726378e-03,1.299744721794876234e+01,1.299328460353811643e+01,1.299923251922586687e+01,5.141290494675188683e+01,8.849788820076727180e-01,5.143115696056143804e+01,5.052060034763407259e+01,5.231038307459832737e+01,2.426966359721859146e+00,1.922161494421646410e-01,2.423467946573469867e+00,2.227044973094145952e+00,2.620654301163237054e+00,1.975508512518693305e-01,1.511371544007942061e-02,1.968291319421962005e-01,1.831428807103385736e-01,2.124916358000842331e-01
