{
    "niter": 10014,
    "logz": -4420.3209705656645,
    "logzerr": 0.544721331059569,
    "logz_bs": -4420.339542877299,
    "logz_single": -4420.3209705656645,
    "logzerr_tail": 0.4301271541608003,
    "logzerr_bs": 0.33423339115779527,
    "ess": 708.2786242232656,
    "H": 23.12515724039895,
    "Herr": 0.18252685317588543,
    "posterior": {
        "mean": [
            12.996332421672754,
            51.41290494675189,
            2.426966359721859,
            0.19755085125186933
        ],
        "stdev": [
            0.0035319787875517264,
            0.8849788820076727,
            0.19221614944216464,
            0.01511371544007942
        ],
        "median": [
            12.997447217948762,
            51.43115696056144,
            2.42346794657347,
            0.1968291319421962
        ],
        "errlo": [
            12.993284603538116,
            50.52060034763407,
            2.227044973094146,
            0.18314288071033857
        ],
        "errup": [
            12.999232519225867,
            52.31038307459833,
            2.620654301163237,
            0.21249163580008423
        ],
        "information_gain_bits": [
            4.146479197649592,
            4.146438847032284,
            3.5734129357081517,
            3.8167639744497635
        ]
    },
    "maximum_likelihood": {
        "logl": -4394.4052734375,
        "point": [
            12.999954873014977,
            51.79908376369902,
            2.453153709807429,
            0.20305614748417922
        ],
        "point_untransformed": [
            0.9999992868437602,
            0.6785805194735243,
            0.34743119027517555,
            0.9010187158280597
        ]
    },
    "ncall": 274024,
    "paramnames": [
        "tau",
        "alpha",
        "beta",
        "logZsun"
    ],
    "logzerr_single": 0.24044311822341136,
    "insertion_order_MWW_test": {
        "independent_iterations": Infinity,
        "converged": true
    }
}