{
    "niter": 10062,
    "logz": -4420.246626720868,
    "logzerr": 0.5650364226752492,
    "logz_bs": -4420.220739582722,
    "logz_single": -4420.246626720868,
    "logzerr_tail": 0.42720011853998585,
    "logzerr_bs": 0.36981916887725674,
    "ess": 744.3805820446233,
    "H": 23.005836718662067,
    "Herr": 0.19928937705705346,
    "posterior": {
        "mean": [
            12.996464770682444,
            51.426358943638995,
            2.4273864390292488,
            0.19754864799828245
        ],
        "stdev": [
            0.003509396190648563,
            0.8648615704780234,
            0.1899895739558034,
            0.015418611109701878
        ],
        "median": [
            12.997556925334068,
            51.434696969783545,
            2.4222418250521374,
            0.1980132756448092
        ],
        "errlo": [
            12.993679942111825,
            50.600769611341,
            2.240743183986255,
            0.18168039004861525
        ],
        "errup": [
            12.999249405657642,
            52.23676075490429,
            2.6188178757206546,
            0.21245793644040845
        ],
        "information_gain_bits": [
            4.146479197649592,
            4.146403116879036,
            3.570869365810579,
            3.8159820126378086
        ]
    },
    "maximum_likelihood": {
        "logl": -4394.44140625,
        "point": [
            12.999569456506658,
            51.42691220943294,
            2.387799087205875,
            0.19730312407197204
        ],
        "point_untransformed": [
            0.9999931958820154,
            0.6777976122650751,
            0.34449944546058264,
            0.8991010413573239
        ]
    },
    "ncall": 241203,
    "paramnames": [
        "tau",
        "alpha",
        "beta",
        "logZsun"
    ],
    "logzerr_single": 0.23982200023487246,
    "insertion_order_MWW_test": {
        "independent_iterations": Infinity,
        "converged": true
    }
}