{
    "niter": 18991,
    "logz": -4349.278183003064,
    "logzerr": 0.5114884192692859,
    "logz_bs": -4349.262469236738,
    "logz_single": -4349.278183003064,
    "logzerr_tail": 0.4507233662679937,
    "logzerr_bs": 0.24180332947798888,
    "ess": 1475.1797402026575,
    "H": 17.7363323410691,
    "Herr": 0.09060269307416173,
    "posterior": {
        "mean": [
            12.781353088235962,
            344.72493197418635,
            0.10789718691385941,
            0.18057797379032078
        ],
        "stdev": [
            0.03272301067559775,
            235.99690398929846,
            0.007869022248696811,
            0.006930231088589922
        ],
        "median": [
            12.78477589532556,
            251.3965719572698,
            0.10562888714417255,
            0.18056732282673682
        ],
        "errlo": [
            12.750319108310926,
            140.71005317993735,
            0.10128072580099076,
            0.17374497285790022
        ],
        "errup": [
            12.813584456782252,
            617.3634116171698,
            0.11435900185176844,
            0.18745749345412266
        ],
        "information_gain_bits": [
            4.146479197649592,
            1.363885223923484,
            3.7781212485866327,
            3.8801477871710843
        ]
    },
    "maximum_likelihood": {
        "logl": -4328.984375,
        "point": [
            12.770010622858617,
            171.23528816355557,
            0.10018082019454218,
            0.17706090751882186
        ],
        "point_untransformed": [
            0.9963328753522717,
            0.808398317239877,
            0.00019614574959766172,
            0.8923536358396073
        ]
    },
    "ncall": 1033872,
    "paramnames": [
        "tau",
        "alpha",
        "beta",
        "logZsun"
    ],
    "logzerr_single": 0.13317782225681984,
    "insertion_order_MWW_test": {
        "independent_iterations": Infinity,
        "converged": true
    }
}