{
    "niter": 10308,
    "logz": -4420.832033374962,
    "logzerr": 0.6126091031511579,
    "logz_bs": -4420.804735820287,
    "logz_single": -4420.832033374962,
    "logzerr_tail": 0.4288529188825123,
    "logzerr_bs": 0.4374643839555574,
    "ess": 724.7101797720503,
    "H": 23.510974335971696,
    "Herr": 0.20896853138396848,
    "posterior": {
        "mean": [
            12.99635895711089,
            51.43862714251617,
            2.4305923050002076,
            0.19774812961349353
        ],
        "stdev": [
            0.0035524333896053283,
            0.8909647269498968,
            0.19295742801577961,
            0.015487832797793736
        ],
        "median": [
            12.997419978504682,
            51.471570135312206,
            2.4160629680444563,
            0.19730413627358345
        ],
        "errlo": [
            12.993252774856384,
            50.57810813869,
            2.2426299890907417,
            0.1826529715258971
        ],
        "errup": [
            12.999354502799795,
            52.343856918323084,
            2.6267813774784146,
            0.2134918072314944
        ],
        "information_gain_bits": [
            4.146479197649592,
            4.1463616944679185,
            3.566162313138877,
            3.8172781303232566
        ]
    },
    "maximum_likelihood": {
        "logl": -4394.4267578125,
        "point": [
            12.999818901627222,
            51.590985564879354,
            2.3753645995277766,
            0.1949153791994913
        ],
        "point_untransformed": [
            0.9999971380292765,
            0.6781434561169036,
            0.3439325699544486,
            0.8983051263998304
        ]
    },
    "ncall": 217944,
    "paramnames": [
        "tau",
        "alpha",
        "beta",
        "logZsun"
    ],
    "logzerr_single": 0.24244058208131997,
    "insertion_order_MWW_test": {
        "independent_iterations": Infinity,
        "converged": true
    }
}