{
    "niter": 9956,
    "logz": -4420.725545864363,
    "logzerr": 0.5299338445656947,
    "logz_bs": -4420.686873256275,
    "logz_single": -4420.725545864363,
    "logzerr_tail": 0.4252957604921903,
    "logzerr_bs": 0.3161540695982694,
    "ess": 668.0768584225286,
    "H": 23.250223675074267,
    "Herr": 0.12062820282499573,
    "posterior": {
        "mean": [
            12.996207406490486,
            51.409672219963916,
            2.424513503520622,
            0.1969123619299722
        ],
        "stdev": [
            0.003807509422290442,
            0.8937828588007,
            0.19391358670278974,
            0.015794775437700363
        ],
        "median": [
            12.997366011108443,
            51.42433645704021,
            2.41518451560574,
            0.19643221194850335
        ],
        "errlo": [
            12.99304590521042,
            50.5467789459758,
            2.243647080203523,
            0.182101801504992
        ],
        "errup": [
            12.999339993899913,
            52.30012775305787,
            2.614747658469876,
            0.21262347859049058
        ],
        "information_gain_bits": [
            4.146479197649592,
            4.146365937242881,
            3.5714131722241,
            3.8140310422827155
        ]
    },
    "maximum_likelihood": {
        "logl": -4394.31640625,
        "point": [
            12.999894380731194,
            51.52481423633457,
            2.3624663858630655,
            0.1932327652201531
        ],
        "point_untransformed": [
            0.9999983308608853,
            0.6780041086704047,
            0.3433414094764849,
            0.8977442550733843
        ]
    },
    "ncall": 247040,
    "paramnames": [
        "tau",
        "alpha",
        "beta",
        "logZsun"
    ],
    "logzerr_single": 0.24109242872327133,
    "insertion_order_MWW_test": {
        "independent_iterations": Infinity,
        "converged": true
    }
}