{
    "niter": 16536,
    "logz": -4714.009544535913,
    "logzerr": 0.4589460293753389,
    "logz_bs": -4714.053361517829,
    "logz_single": -4714.009544535913,
    "logzerr_tail": 0.4498145690149613,
    "logzerr_bs": 0.09109506782078824,
    "ess": 1744.0285833747084,
    "H": 14.57350593641604,
    "Herr": 0.06955175900575007,
    "posterior": {
        "mean": [
            10.783038633826623,
            0.45540686345964465,
            0.16854349945461813
        ],
        "stdev": [
            0.14667797382433506,
            0.025187193624772026,
            0.030675198940676537
        ],
        "median": [
            10.83996613104101,
            0.4457157112037628,
            0.17734064201179622
        ],
        "errlo": [
            10.623863240880434,
            0.4298222831267617,
            0.13356439163648748
        ],
        "errup": [
            10.93339864394682,
            0.48291948595184137,
            0.2002951631033052
        ],
        "information_gain_bits": [
            3.522769796666347,
            3.445159092731511,
            3.577592334503247
        ]
    },
    "maximum_likelihood": {
        "logl": -4697.3896484375,
        "point": [
            10.91937500055397,
            0.43223914432349897,
            0.19442974229145182
        ],
        "point_untransformed": [
            0.8074160448174604,
            0.31786204739333374,
            0.898143247430484
        ]
    },
    "ncall": 67576,
    "paramnames": [
        "t0",
        "tau",
        "logZsun"
    ],
    "logzerr_single": 0.12072077673878694,
    "insertion_order_MWW_test": {
        "independent_iterations": Infinity,
        "converged": true
    }
}